DROP SCHEMA IF EXISTS Music;
CREATE SCHEMA IF NOT EXISTS Music;
USE Music;

CREATE TABLE record_label(
   id   VARCHAR(32) NOT NULL PRIMARY KEY
  ,name VARCHAR(29) NOT NULL
);
INSERT INTO record_label(id,name) VALUES ('f94a17c0425cad43cf4c87fc2e8877d5','Gregory Alan Isakov');
INSERT INTO record_label(id,name) VALUES ('d3379d9895c322b20b66540316a37118','Yep Roc Records');
INSERT INTO record_label(id,name) VALUES ('aced9ad1fa3541544c4019961cf27e3a','Matador');
INSERT INTO record_label(id,name) VALUES ('c87d9b9c2f51072b9c3a877e3c71fc26','Vagrant');
INSERT INTO record_label(id,name) VALUES ('4fe0b6b0da8c9a8548f06384f6e55556','22D Music');
INSERT INTO record_label(id,name) VALUES ('f61fab35e96a7818a72259fdeb052f76','ATO Records');
INSERT INTO record_label(id,name) VALUES ('0f09990a81e55a783752ffc83b91eb9d','Rough Trade');
INSERT INTO record_label(id,name) VALUES ('bed5c94ae8b83526e565cab6c994966f','4AD');
INSERT INTO record_label(id,name) VALUES ('d74b2d43d5f21ae41a4ff69769885fe9','Snowmine');
INSERT INTO record_label(id,name) VALUES ('e6815154af808b47e3b9b2753acc5c5e','Universal Music Group');
INSERT INTO record_label(id,name) VALUES ('37ccd39a9088485954b8f63e9abf195e','Tom Speight Music');
INSERT INTO record_label(id,name) VALUES ('d6a0de2bd0895ef17f52d9ada04b04dc','Universal Records');
INSERT INTO record_label(id,name) VALUES ('5494efd6230c0176a15c0c9bdc5dbc49','RCA/Legacy');
INSERT INTO record_label(id,name) VALUES ('a0fb21460fadd4c365ea65672b7ac680','iHipHop Distribution');
INSERT INTO record_label(id,name) VALUES ('036ad5c8fb97392a45d0e01de9ad0b1d','Decca (UMO)');
INSERT INTO record_label(id,name) VALUES ('9b46d6a78d0ca381e8165c79d4dda317','Tai Records');
INSERT INTO record_label(id,name) VALUES ('e2ce80864981a0fa9191290ea4c4206e','EQT Recordings, LLC');
INSERT INTO record_label(id,name) VALUES ('6e67bef1d0756941ad459af7260a16ee','Top Dawg Entertainment');
INSERT INTO record_label(id,name) VALUES ('bae2d060395694b9c7b68ae2e1783e69','Editions Milan Music');
INSERT INTO record_label(id,name) VALUES ('987a1b615a24acd5c17c39adfc8eb350','COVERS Inc');
INSERT INTO record_label(id,name) VALUES ('d3c691958f59a058494be9f7a157c866','Atlantic Records');
INSERT INTO record_label(id,name) VALUES ('4bbdff15d29a1ec92fe26593fa7ebeea','Bama Rags Recordings');
INSERT INTO record_label(id,name) VALUES ('30b81baa9d0e75ebf48b0f89602654f0','Noah Gundersen');
INSERT INTO record_label(id,name) VALUES ('8193ed77a9e125983baa4b4f3dbecb14','Fantasy Records');
INSERT INTO record_label(id,name) VALUES ('c2cc45b236fc4204107a6a4e5ce688b8','X Novo Records');
INSERT INTO record_label(id,name) VALUES ('749ed528a68d8be830e9925770d99ecc','Linus Entertainment');
INSERT INTO record_label(id,name) VALUES ('4a57d63b703889682e5f929e068febdb','Centricity Music (CEY)');
INSERT INTO record_label(id,name) VALUES ('ef1e2cd34c000d4b47afe9846890259d','Next Plateau Entertainment');
INSERT INTO record_label(id,name) VALUES ('112b512bc8724174b9fc479cc48e104f','Tru Thoughts');
INSERT INTO record_label(id,name) VALUES ('72d13cd06c1d7355f3b719b177209373','Plopscotch Records');
INSERT INTO record_label(id,name) VALUES ('7820e25d9f05b9d7a1f515c5f0676df4','SureShaker Music');
INSERT INTO record_label(id,name) VALUES ('370b5a2e2e6700e371828363eb84f473','TheSoundYouNeed');
INSERT INTO record_label(id,name) VALUES ('b63f767ed9cf6768cf91308cf7be66bb','Transgressive');
INSERT INTO record_label(id,name) VALUES ('57745e243f92fa9f529db2c5a70b889d','653679 Records DK2');
INSERT INTO record_label(id,name) VALUES ('0813ccec06117cc4b3e90251775566e8','Republic Records');
INSERT INTO record_label(id,name) VALUES ('5fd104e935ac1b6c4e63d196c03bb2fa','TatteredString Music');
INSERT INTO record_label(id,name) VALUES ('670c6ef65637ffba4dfd1b6cb624275d','Hollywood Records');
INSERT INTO record_label(id,name) VALUES ('bc65f426282a1a198804b1d7602b25d4','Columbia');
INSERT INTO record_label(id,name) VALUES ('c5317447b171aa7ea9cc93c75a0b90f4','Brushfire Records/Universal');
INSERT INTO record_label(id,name) VALUES ('f1e01e5bc040cd76dc20ff67a30423ad','Epic/Legacy');
INSERT INTO record_label(id,name) VALUES ('e04529483fb7e36e1a9b8e3ea33977fd','Jagjaguwar');
INSERT INTO record_label(id,name) VALUES ('6b904df3bca59651f17cb97b24b7a812','Records Label, LLC');
INSERT INTO record_label(id,name) VALUES ('35aa7b0e4fa1465994dc0b97e10a77b6','Universal-Island Records Ltd.');
INSERT INTO record_label(id,name) VALUES ('42aa977d8b097da96815ec9a77db8480','Let''s GIG');
INSERT INTO record_label(id,name) VALUES ('13205e743b8facf030fa2eba2a9a92a4','Suicide Squeeze Records');
INSERT INTO record_label(id,name) VALUES ('09ee4db8fc734af523ed6e9a5127bf69','Columbia/Legacy');
INSERT INTO record_label(id,name) VALUES ('d40cd08cec544e69427bf3511a6c9a81','Adult Swim / WaterTower Music');
INSERT INTO record_label(id,name) VALUES ('59d7d527b659b2c8ae0617e1da9cf173','Xirê');
INSERT INTO record_label(id,name) VALUES ('b87ecccc10f4a66413874e3ed4fc4934','Glue Trip');
INSERT INTO record_label(id,name) VALUES ('97da58b8623e929a7d72139d20b82f95','Rhino Atlantic');
INSERT INTO record_label(id,name) VALUES ('dad7036b7100ec3498f5b7d913a888a4','Interscope');
INSERT INTO record_label(id,name) VALUES ('f942a9c31d6d390aaec3425ce9506020','ABKCO Music and Records, Inc.');
INSERT INTO record_label(id,name) VALUES ('a82d9e89c5481165128420e1b8d799fe','RCA Records Label');
INSERT INTO record_label(id,name) VALUES ('a1ff747ace9e3ec569d4c87063a60d04','PONY CANYON INC.');
INSERT INTO record_label(id,name) VALUES ('c9db165891fda25a49d453d0de056b16','Pony Canyon, Inc.');
INSERT INTO record_label(id,name) VALUES ('2a9120034748df75b68d5fcca0a46313','PONY CANYON');
INSERT INTO record_label(id,name) VALUES ('e75079a2f1e5e5236fdc13595e2e5f7a','ポニーキャニオン');
INSERT INTO record_label(id,name) VALUES ('d9b8d81941ea6c6bc7203e77bd73a369','Deckdisc');
INSERT INTO record_label(id,name) VALUES ('15a13c198814a8d122ac9c652030e73f','American/Columbia');
INSERT INTO record_label(id,name) VALUES ('1121288c2ec875bc73557b32ae40f68c','Dual Core');
INSERT INTO record_label(id,name) VALUES ('a165e8fb837dd0e1430cbb02d85e3dc6','Warp Records');
INSERT INTO record_label(id,name) VALUES ('7c8a4b1d4acfadef655e6258d8685b7a','Shove Records (JSBX)');
INSERT INTO record_label(id,name) VALUES ('620331629ad819834a0dafcecba3d8eb','Geffen');
INSERT INTO record_label(id,name) VALUES ('42b5e6dcd1ea5049c958919a581ca92b','Fidim Interactive LLC');
INSERT INTO record_label(id,name) VALUES ('d90f48d1f50320973389959cb4e9ec42','Webão');
INSERT INTO record_label(id,name) VALUES ('7aca9f010091c0f04ebeed8751109eb3','Roton');
INSERT INTO record_label(id,name) VALUES ('967fa7f0c081d66631505c25136762f0','Domino Recording Co');
INSERT INTO record_label(id,name) VALUES ('bd5f0701bd1f0cd70e47a01205c1d447','Elevator Lady Ltd');
INSERT INTO record_label(id,name) VALUES ('d733f1e3325dc3084fab5254b407949d','Polydor Associated Labels');
INSERT INTO record_label(id,name) VALUES ('0f60416615c2c26983ad46f712cd0cbf','eOne Music');
INSERT INTO record_label(id,name) VALUES ('15a57e1643b7387ee21fbd481816ac55','The White Buffalo');
INSERT INTO record_label(id,name) VALUES ('306a2be3feea7d56be5a61c5151cbbcd','Roadrunner Records');
INSERT INTO record_label(id,name) VALUES ('62a028f3b00ad8cc9964991407115f7e','Into The Wild Soundtrack');
INSERT INTO record_label(id,name) VALUES ('7056819ffd97a6ccf60f50803e37f005','Pearl Jam/Monkeywrench');
INSERT INTO record_label(id,name) VALUES ('98adf98c82b1b86a3c4e0d0a1777a885','Parlophone UK');
INSERT INTO record_label(id,name) VALUES ('517c43afb905fdb211caa1dc14845b8f','A&M');
INSERT INTO record_label(id,name) VALUES ('946c593eeb261b2235f0d887f451fffe','Sony BMG Music Entertainment');
INSERT INTO record_label(id,name) VALUES ('429a52469b884d48206518b69d7323b1','SW Records');
INSERT INTO record_label(id,name) VALUES ('8c763db3a51c2eefb4abaaf633f51b50','Kscope');

CREATE TABLE genre(
   id   VARCHAR(32) NOT NULL PRIMARY KEY
  ,name VARCHAR(25) NOT NULL
);
INSERT INTO genre(id,name) VALUES ('bff3273ef7f9a3bfced2f965713392cf','indie folk');
INSERT INTO genre(id,name) VALUES ('6ee4f85c036172d5290849b933569964','deep new americana');
INSERT INTO genre(id,name) VALUES ('9dd8d9180afacae54e67c50b8ca55b2f','art pop');
INSERT INTO genre(id,name) VALUES ('3a554e60738eef1301c27db5b8200a3f','alternative americana');
INSERT INTO genre(id,name) VALUES ('ef618f27c7bc252b12e018e6b35bd101','israeli pop');
INSERT INTO genre(id,name) VALUES ('7a3df751f86e3d15d4146588e5e9ff1c','modern folk rock');
INSERT INTO genre(id,name) VALUES ('69f0183f5d2f79b8ac69c9ea7c0e513e','alabama indie');
INSERT INTO genre(id,name) VALUES ('c79798f99d7594e033b3e1889d3dd7c4','shimmer pop');
INSERT INTO genre(id,name) VALUES ('40d2bdb8af558be5a0756a4e3cbce34a','british singer-songwriter');
INSERT INTO genre(id,name) VALUES ('d6dc3c017bfa24fb195af6c079fb9bb6','indie anthem-folk');
INSERT INTO genre(id,name) VALUES ('4dda2b6eea3d25b65bcd4cde3297a193','folk-pop');
INSERT INTO genre(id,name) VALUES ('b764bd8ccd4d44613442a7231894f24e','modern rock');
INSERT INTO genre(id,name) VALUES ('6cb5644bd3cb743ddc6aa7809b2952c3','edm');
INSERT INTO genre(id,name) VALUES ('99be15f9b5996ff6c8e99f48f74dae52','argentine indie');
INSERT INTO genre(id,name) VALUES ('1ae4e55add68f6b2fdfd2357e2930776','alternative r&b');
INSERT INTO genre(id,name) VALUES ('40897b3cf0136b85029669a5194d80c7','adult standards');
INSERT INTO genre(id,name) VALUES ('9c2a27fff61a586a53a0c00ee4b07402','canadian indie');
INSERT INTO genre(id,name) VALUES ('9872cd6ad12c8783914cdaa61f6749af','jam band');
INSERT INTO genre(id,name) VALUES ('5a1621ea3f85c5d6cb08199f58079c8e','acoustic pop');
INSERT INTO genre(id,name) VALUES ('999a0e35a18820dbaa6eacb2fd6c9509','album rock');
INSERT INTO genre(id,name) VALUES ('826ddf9b9584fdd228e3be33ab34a5d2','brighton indie');
INSERT INTO genre(id,name) VALUES ('b42f1990c0cee8758b64584877d69b93','ccm');
INSERT INTO genre(id,name) VALUES ('42475551c97931b66c151c70d9cc3a0f','neo-singer-songwriter');
INSERT INTO genre(id,name) VALUES ('c3ee757711841a96c3d0d2f7849979ea','downtempo');
INSERT INTO genre(id,name) VALUES ('646eeca1215c4c5d08f2721f07a18f1f','pittsburgh indie');
INSERT INTO genre(id,name) VALUES ('182605c0ac5303873425825f00fe18f9','aussietronica');
INSERT INTO genre(id,name) VALUES ('583d22070509758863c1ad6fd74fafde','chillhop');
INSERT INTO genre(id,name) VALUES ('82406d4c6c443333dddba83d31f62b6c','indie poptimism');
INSERT INTO genre(id,name) VALUES ('8ecf7e20c4a82204002b40a942e1e539','diversos');
INSERT INTO genre(id,name) VALUES ('b7f9e43d49dabcef82373d120ed0b08a','modern blues rock');
INSERT INTO genre(id,name) VALUES ('b74576b1ca270ac70dff3dee0f19c7f1','afrobeat');
INSERT INTO genre(id,name) VALUES ('e8916f64d72922046b8f6b86f77a00ee','funk');
INSERT INTO genre(id,name) VALUES ('9084b0401e146999099fbac17188c4d8','irish singer-songwriter');
INSERT INTO genre(id,name) VALUES ('d1b7ed9f059de8c264fc434abb2273e1','alternative country');
INSERT INTO genre(id,name) VALUES ('fbdff15cdac34db2d7f2c0eae2123dbd','funk carioca');
INSERT INTO genre(id,name) VALUES ('d16f8508f121f592898c3dfb5779476a','ambient folk');
INSERT INTO genre(id,name) VALUES ('195daf44e38ff553bac7e0e0873fc425','baroque pop');
INSERT INTO genre(id,name) VALUES ('0153523a670535722bb31f4d452e114f','alternative dance');
INSERT INTO genre(id,name) VALUES ('2a79e1dd8a415326bce676bc5cee8442','blues rock');
INSERT INTO genre(id,name) VALUES ('b0884a859263bdc0eb895fb47e9c8868','nova mpb');
INSERT INTO genre(id,name) VALUES ('ec7b5b73286e9bc2fb56a56ab835a274','musica campista');
INSERT INTO genre(id,name) VALUES ('009cd6070aebb18a23b735604f55a597','alternative metal');
INSERT INTO genre(id,name) VALUES ('c20866173ecb059ec90914997103a1b2','british invasion');
INSERT INTO genre(id,name) VALUES ('54c5f61c90d20a91cdb87311b06615eb','anime score');
INSERT INTO genre(id,name) VALUES ('387e6278d8e06083d813358762e0ac63','anime');
INSERT INTO genre(id,name) VALUES ('a84060bf5b47ad4cc5d4874167594f2a','classic j-pop');
INSERT INTO genre(id,name) VALUES ('389811f0677aaae0319bf359c8c320d9','otacore');
INSERT INTO genre(id,name) VALUES ('302aee0612d23120969da8f44ccea6c1','j-poprock');
INSERT INTO genre(id,name) VALUES ('ebe946122649dd72ddda2a81b94f51e6','nerdcore');
INSERT INTO genre(id,name) VALUES ('2950447262ddd96adb9eb3cfe75e7c96','bass music');
INSERT INTO genre(id,name) VALUES ('3a61b71b271203a633e10c5b3fa9f258','blues');
INSERT INTO genre(id,name) VALUES ('1d51cd4fc605dd5324f91ea1bafb05bb','comic');
INSERT INTO genre(id,name) VALUES ('67e23f22a1cde4bdb4d60a01cf615e2a','classic romanian pop');
INSERT INTO genre(id,name) VALUES ('5d6755f263054a472971e0ed56c0bf92','garage rock');
INSERT INTO genre(id,name) VALUES ('298c38fc1cdfe3d252d664c6829dca52','alternative rock');
INSERT INTO genre(id,name) VALUES ('b8533c80210ef0299e39108e1562dcfb','hard rock');
INSERT INTO genre(id,name) VALUES ('f8d627abb8b743940b57d49e9ea85bab','new americana');
INSERT INTO genre(id,name) VALUES ('bd7402d4f5506d09b6c9259f49126499','acoustic rock');
INSERT INTO genre(id,name) VALUES ('c6019a0d7f776b6a7e95d7f231fcb842','art rock');

CREATE TABLE artist(
   id              VARCHAR(22) NOT NULL PRIMARY KEY
  ,record_label_id VARCHAR(32) NOT NULL
  ,name            VARCHAR(31) NOT NULL
  ,genre_id        VARCHAR(32) NOT NULL
);
INSERT INTO artist(id,record_label_id,name,genre_id) VALUES ('5sXaGoRLSpd7VeyZrLkKwt','f94a17c0425cad43cf4c87fc2e8877d5','Gregory Alan Isakov','bff3273ef7f9a3bfced2f965713392cf');
INSERT INTO artist(id,record_label_id,name,genre_id) VALUES ('675tsBPpaZtqyiBwEf3ZEP','d3379d9895c322b20b66540316a37118','Mandolin Orange','6ee4f85c036172d5290849b933569964');
INSERT INTO artist(id,record_label_id,name,genre_id) VALUES ('4BEYBN6NCPrFk3sOLMTby3','aced9ad1fa3541544c4019961cf27e3a','Majical Cloudz','9dd8d9180afacae54e67c50b8ca55b2f');
INSERT INTO artist(id,record_label_id,name,genre_id) VALUES ('1me05HW5s7TShHra5nN7uE','c87d9b9c2f51072b9c3a877e3c71fc26','Alex Ebert','3a554e60738eef1301c27db5b8200a3f');
INSERT INTO artist(id,record_label_id,name,genre_id) VALUES ('6v2Tk7PHt26abpm7NBR34b','4fe0b6b0da8c9a8548f06384f6e55556','Oren Lavie','ef618f27c7bc252b12e018e6b35bd101');
INSERT INTO artist(id,record_label_id,name,genre_id) VALUES ('2kWhbqyjKw16929nBXzSWR','f61fab35e96a7818a72259fdeb052f76','Carl Broemel','7a3df751f86e3d15d4146588e5e9ff1c');
INSERT INTO artist(id,record_label_id,name,genre_id) VALUES ('16GcWuvvybAoaHr0NqT8Eh','0f09990a81e55a783752ffc83b91eb9d','Alabama Shakes','69f0183f5d2f79b8ac69c9ea7c0e513e');
INSERT INTO artist(id,record_label_id,name,genre_id) VALUES ('46CitWgnWrvF9t70C2p1Me','bed5c94ae8b83526e565cab6c994966f','Daughter','c79798f99d7594e033b3e1889d3dd7c4');
INSERT INTO artist(id,record_label_id,name,genre_id) VALUES ('0UQCSEnTVyI8gtCVEeJMKN','d74b2d43d5f21ae41a4ff69769885fe9','Snowmine','c79798f99d7594e033b3e1889d3dd7c4');
INSERT INTO artist(id,record_label_id,name,genre_id) VALUES ('5schNIzWdI9gJ1QRK8SBnc','e6815154af808b47e3b9b2753acc5c5e','Ben Howard','40d2bdb8af558be5a0756a4e3cbce34a');
INSERT INTO artist(id,record_label_id,name,genre_id) VALUES ('02U4dXZhGSo07f66l8JZ91','37ccd39a9088485954b8f63e9abf195e','Tom Speight','d6dc3c017bfa24fb195af6c079fb9bb6');
INSERT INTO artist(id,record_label_id,name,genre_id) VALUES ('4dwdTW1Lfiq0cM8nBAqIIz','d6a0de2bd0895ef17f52d9ada04b04dc','Of Monsters and Men','4dda2b6eea3d25b65bcd4cde3297a193');
INSERT INTO artist(id,record_label_id,name,genre_id) VALUES ('3gd8FJtBJtkRxdfbTu19U2','e6815154af808b47e3b9b2753acc5c5e','Mumford & Sons','7a3df751f86e3d15d4146588e5e9ff1c');
INSERT INTO artist(id,record_label_id,name,genre_id) VALUES ('2qk9voo8llSGYcZ6xrBzKx','5494efd6230c0176a15c0c9bdc5dbc49','Kings of Leon','b764bd8ccd4d44613442a7231894f24e');
INSERT INTO artist(id,record_label_id,name,genre_id) VALUES ('4dM6NDYSfLcspt8GLoT5aE','a0fb21460fadd4c365ea65672b7ac680','Hippie Sabotage','6cb5644bd3cb743ddc6aa7809b2952c3');
INSERT INTO artist(id,record_label_id,name,genre_id) VALUES ('16oZKvXb6WkQlVAjwo2Wbg','036ad5c8fb97392a45d0e01de9ad0b1d','The Lumineers','4dda2b6eea3d25b65bcd4cde3297a193');
INSERT INTO artist(id,record_label_id,name,genre_id) VALUES ('5cMTiWeaWidGI8hVoZY8Ox','9b46d6a78d0ca381e8165c79d4dda317','Perotá Chingó','99be15f9b5996ff6c8e99f48f74dae52');
INSERT INTO artist(id,record_label_id,name,genre_id) VALUES ('3ycxRkcZ67ALN3GQJ57Vig','e2ce80864981a0fa9191290ea4c4206e','Masego','1ae4e55add68f6b2fdfd2357e2930776');
INSERT INTO artist(id,record_label_id,name,genre_id) VALUES ('3QTDHixorJelOLxoxcjqGx','6e67bef1d0756941ad459af7260a16ee','SiR','1ae4e55add68f6b2fdfd2357e2930776');
INSERT INTO artist(id,record_label_id,name,genre_id) VALUES ('0qj5XOYNq5KuJbvcWCa9vZ','bae2d060395694b9c7b68ae2e1783e69','Sol Seppy','9dd8d9180afacae54e67c50b8ca55b2f');
INSERT INTO artist(id,record_label_id,name,genre_id) VALUES ('0iOVhN3tnSvgDbcg25JoJb','e6815154af808b47e3b9b2753acc5c5e','Etta James','40897b3cf0136b85029669a5194d80c7');
INSERT INTO artist(id,record_label_id,name,genre_id) VALUES ('251UrhgNbMr15NLzQ2KyKq','f61fab35e96a7818a72259fdeb052f76','Rayland Baxter','6ee4f85c036172d5290849b933569964');
INSERT INTO artist(id,record_label_id,name,genre_id) VALUES ('4U33udokhmKATsu8UoqUEN','d3c691958f59a058494be9f7a157c866','The Sheepdogs','9c2a27fff61a586a53a0c00ee4b07402');
INSERT INTO artist(id,record_label_id,name,genre_id) VALUES ('2TI7qyDE0QfyOlnbtfDo7L','4bbdff15d29a1ec92fe26593fa7ebeea','Dave Matthews Band','9872cd6ad12c8783914cdaa61f6749af');
INSERT INTO artist(id,record_label_id,name,genre_id) VALUES ('34482S5nfxR441wcnVfrHi','30b81baa9d0e75ebf48b0f89602654f0','Noah Gundersen','5a1621ea3f85c5d6cb08199f58079c8e');
INSERT INTO artist(id,record_label_id,name,genre_id) VALUES ('3IYUhFvPQItj6xySrBmZkd','8193ed77a9e125983baa4b4f3dbecb14','Creedence Clearwater Revival','999a0e35a18820dbaa6eacb2fd6c9509');
INSERT INTO artist(id,record_label_id,name,genre_id) VALUES ('0HDxlFsXwyrpufs4YgTNMm','c2cc45b236fc4204107a6a4e5ce688b8','Phoria','826ddf9b9584fdd228e3be33ab34a5d2');
INSERT INTO artist(id,record_label_id,name,genre_id) VALUES ('0cQuYRSzlItquYxsQKDvVc','749ed528a68d8be830e9925770d99ecc','The Guess Who','999a0e35a18820dbaa6eacb2fd6c9509');
INSERT INTO artist(id,record_label_id,name,genre_id) VALUES ('40LHVA5BTQp9RxHOQ9JPYj','4a57d63b703889682e5f929e068febdb','Lauren Daigle','b42f1990c0cee8758b64584877d69b93');
INSERT INTO artist(id,record_label_id,name,genre_id) VALUES ('1g0fXhQMHAxlRyIBkCbuE7','ef1e2cd34c000d4b47afe9846890259d','Matt Simons','42475551c97931b66c151c70d9cc3a0f');
INSERT INTO artist(id,record_label_id,name,genre_id) VALUES ('5ZMwoAjeDtLJ0XRwRTgaK8','112b512bc8724174b9fc479cc48e104f','Quantic','c3ee757711841a96c3d0d2f7849979ea');
INSERT INTO artist(id,record_label_id,name,genre_id) VALUES ('1vVHevk2PD45epYnDi9CCc','72d13cd06c1d7355f3b719b177209373','Jack Stauber','646eeca1215c4c5d08f2721f07a18f1f');
INSERT INTO artist(id,record_label_id,name,genre_id) VALUES ('1SFz3S9eSUTc49ysstadiO','7820e25d9f05b9d7a1f515c5f0676df4','Boo Seeka','182605c0ac5303873425825f00fe18f9');
INSERT INTO artist(id,record_label_id,name,genre_id) VALUES ('4qOzMSukiZoiSjPQw8Zs7s','370b5a2e2e6700e371828363eb84f473','Mansionair','182605c0ac5303873425825f00fe18f9');
INSERT INTO artist(id,record_label_id,name,genre_id) VALUES ('12fRkVfO2fUsz1QHgDAG3g','b63f767ed9cf6768cf91308cf7be66bb','Julia Jacklin','9dd8d9180afacae54e67c50b8ca55b2f');
INSERT INTO artist(id,record_label_id,name,genre_id) VALUES ('6N4HlHINMvoTyAL0yhBUCk','57745e243f92fa9f529db2c5a70b889d','Saib','583d22070509758863c1ad6fd74fafde');
INSERT INTO artist(id,record_label_id,name,genre_id) VALUES ('5sWHDYs0csV6RS48xBl0tH','0813ccec06117cc4b3e90251775566e8','Two Feet','82406d4c6c443333dddba83d31f62b6c');
INSERT INTO artist(id,record_label_id,name,genre_id) VALUES ('0YZYZQRglf6GA3b6ffiAd2','5fd104e935ac1b6c4e63d196c03bb2fa','Adam Ezra Group','8ecf7e20c4a82204002b40a942e1e539');
INSERT INTO artist(id,record_label_id,name,genre_id) VALUES ('5MpELOfAiq7aIBTij30phD','670c6ef65637ffba4dfd1b6cb624275d','Harry James','40897b3cf0136b85029669a5194d80c7');
INSERT INTO artist(id,record_label_id,name,genre_id) VALUES ('4XquDVA8pkg5Lx91No1JxB','bc65f426282a1a198804b1d7602b25d4','Brittany Howard','b7f9e43d49dabcef82373d120ed0b08a');
INSERT INTO artist(id,record_label_id,name,genre_id) VALUES ('4C50EbCS11M0VbGyH3OfLt','c5317447b171aa7ea9cc93c75a0b90f4','Bahamas','9c2a27fff61a586a53a0c00ee4b07402');
INSERT INTO artist(id,record_label_id,name,genre_id) VALUES ('4YHtIE7FI8ITfekzzN5Jpl','f1e01e5bc040cd76dc20ff67a30423ad','Shuggie Otis','b74576b1ca270ac70dff3dee0f19c7f1');
INSERT INTO artist(id,record_label_id,name,genre_id) VALUES ('5W10uJRsbt9bROJDKoI1Wn','e04529483fb7e36e1a9b8e3ea33977fd','Moses Sumney','1ae4e55add68f6b2fdfd2357e2930776');
INSERT INTO artist(id,record_label_id,name,genre_id) VALUES ('4fXkvh05wFhuH77MfD4m9o','6b904df3bca59651f17cb97b24b7a812','St. Paul & The Broken Bones','e8916f64d72922046b8f6b86f77a00ee');
INSERT INTO artist(id,record_label_id,name,genre_id) VALUES ('2FXC3k01G6Gw61bmprjgqS','35aa7b0e4fa1465994dc0b97e10a77b6','Hozier','9084b0401e146999099fbac17188c4d8');
INSERT INTO artist(id,record_label_id,name,genre_id) VALUES ('43O3c6wewpzPKwVaGEEtBM','f61fab35e96a7818a72259fdeb052f76','My Morning Jacket','d1b7ed9f059de8c264fc434abb2273e1');
INSERT INTO artist(id,record_label_id,name,genre_id) VALUES ('5ZtyHkAGvYFPSYcWPfmL5n','42aa977d8b097da96815ec9a77db8480','Liniker e os Caramelows','fbdff15cdac34db2d7f2c0eae2123dbd');
INSERT INTO artist(id,record_label_id,name,genre_id) VALUES ('3lmR0qMiGuoIF9UC54egcG','bed5c94ae8b83526e565cab6c994966f','Aldous Harding','d16f8508f121f592898c3dfb5779476a');
INSERT INTO artist(id,record_label_id,name,genre_id) VALUES ('6RHDASo3OVNiNY2nrGx3qc','13205e743b8facf030fa2eba2a9a92a4','Cotton Jones','195daf44e38ff553bac7e0e0873fc425');
INSERT INTO artist(id,record_label_id,name,genre_id) VALUES ('0K1q0nXQ8is36PzOKAMbNe','aced9ad1fa3541544c4019961cf27e3a','Spoon','0153523a670535722bb31f4d452e114f');
INSERT INTO artist(id,record_label_id,name,genre_id) VALUES ('4NgfOZCL9Ml67xzM0xzIvC','09ee4db8fc734af523ed6e9a5127bf69','Janis Joplin','2a79e1dd8a415326bce676bc5cee8442');
INSERT INTO artist(id,record_label_id,name,genre_id) VALUES ('2M0kKcVuBsLFH5d12pW215','d40cd08cec544e69427bf3511a6c9a81','Rick and Morty','8ecf7e20c4a82204002b40a942e1e539');
INSERT INTO artist(id,record_label_id,name,genre_id) VALUES ('6q7nMIVgGohQ14mSsq3F8t','59d7d527b659b2c8ae0617e1da9cf173','Gilsons','b0884a859263bdc0eb895fb47e9c8868');
INSERT INTO artist(id,record_label_id,name,genre_id) VALUES ('6b13SQkJSBYJxUoG8TaDcY','b87ecccc10f4a66413874e3ed4fc4934','Glue Trip','ec7b5b73286e9bc2fb56a56ab835a274');
INSERT INTO artist(id,record_label_id,name,genre_id) VALUES ('0EodhzA6yW1bIdD5B4tcmJ','97da58b8623e929a7d72139d20b82f95','Bobby Darin','40897b3cf0136b85029669a5194d80c7');
INSERT INTO artist(id,record_label_id,name,genre_id) VALUES ('0XHiH53dHrvbwfjYM7en7I','dad7036b7100ec3498f5b7d913a888a4','Chris Cornell','009cd6070aebb18a23b735604f55a597');
INSERT INTO artist(id,record_label_id,name,genre_id) VALUES ('22bE4uQ6baNwSHPVcDxLCe','f942a9c31d6d390aaec3425ce9506020','The Rolling Stones','c20866173ecb059ec90914997103a1b2');
INSERT INTO artist(id,record_label_id,name,genre_id) VALUES ('7jy3rLJdDQY21OgRLCZ9sD','a82d9e89c5481165128420e1b8d799fe','Foo Fighters','009cd6070aebb18a23b735604f55a597');
INSERT INTO artist(id,record_label_id,name,genre_id) VALUES ('1ZnuqrjIR4q8zhgriUYsSo','a1ff747ace9e3ec569d4c87063a60d04','Shinsei Kamattechan','54c5f61c90d20a91cdb87311b06615eb');
INSERT INTO artist(id,record_label_id,name,genre_id) VALUES ('12dhEcVUnJVnIQLt91VdA3','a1ff747ace9e3ec569d4c87063a60d04','Yuko Ando','387e6278d8e06083d813358762e0ac63');
INSERT INTO artist(id,record_label_id,name,genre_id) VALUES ('3eNYrVLcWfjJ9JdH9kiPJO','c9db165891fda25a49d453d0de056b16','Linked Horizon','387e6278d8e06083d813358762e0ac63');
INSERT INTO artist(id,record_label_id,name,genre_id) VALUES ('2EWIKpC6npt0GTe1Cq1KDm','a1ff747ace9e3ec569d4c87063a60d04','Yoshiki','a84060bf5b47ad4cc5d4874167594f2a');
INSERT INTO artist(id,record_label_id,name,genre_id) VALUES ('432YeAgYRrioSdsY06F2CT','a1ff747ace9e3ec569d4c87063a60d04','Yoko Hikasa','389811f0677aaae0319bf359c8c320d9');
INSERT INTO artist(id,record_label_id,name,genre_id) VALUES ('5upXI71QNPjLwir1YZgKEx','a1ff747ace9e3ec569d4c87063a60d04','cinema staff','302aee0612d23120969da8f44ccea6c1');
INSERT INTO artist(id,record_label_id,name,genre_id) VALUES ('0ZeTpaHiNCZFAuQ7v1fZ7Z','d9b8d81941ea6c6bc7203e77bd73a369','Edgar','8ecf7e20c4a82204002b40a942e1e539');
INSERT INTO artist(id,record_label_id,name,genre_id) VALUES ('5eAWCfyUhZtHHtBdNk56l1','15a13c198814a8d122ac9c652030e73f','System Of A Down','009cd6070aebb18a23b735604f55a597');
INSERT INTO artist(id,record_label_id,name,genre_id) VALUES ('7tiEDqYPwBHFd5LBWRFK4U','1121288c2ec875bc73557b32ae40f68c','Dual Core','ebe946122649dd72ddda2a81b94f51e6');
INSERT INTO artist(id,record_label_id,name,genre_id) VALUES ('6olWbKW2VLhFCHfOi0iEDb','a165e8fb837dd0e1430cbb02d85e3dc6','Hudson Mohawke','2950447262ddd96adb9eb3cfe75e7c96');
INSERT INTO artist(id,record_label_id,name,genre_id) VALUES ('2NOhotupwYbKRNJF7LMDPG','7c8a4b1d4acfadef655e6258d8685b7a','The Jon Spencer Blues Explosion','2a79e1dd8a415326bce676bc5cee8442');
INSERT INTO artist(id,record_label_id,name,genre_id) VALUES ('1yNOfXGQNGjAynk77wv85x','620331629ad819834a0dafcecba3d8eb','John Lee Hooker','3a61b71b271203a633e10c5b3fa9f258');
INSERT INTO artist(id,record_label_id,name,genre_id) VALUES ('05Am7rOfCvNggzIEeAhbiV','42b5e6dcd1ea5049c958919a581ca92b','MC Lars','1d51cd4fc605dd5324f91ea1bafb05bb');
INSERT INTO artist(id,record_label_id,name,genre_id) VALUES ('2WK4tQsU5vbEDtXKKVWUWw','d90f48d1f50320973389959cb4e9ec42','Webão','8ecf7e20c4a82204002b40a942e1e539');
INSERT INTO artist(id,record_label_id,name,genre_id) VALUES ('0NXSovfvz7XrUzu18BpJBs','7aca9f010091c0f04ebeed8751109eb3','Blaxy Girls','67e23f22a1cde4bdb4d60a01cf615e2a');
INSERT INTO artist(id,record_label_id,name,genre_id) VALUES ('7Ln80lUS6He07XvHI8qqHH','967fa7f0c081d66631505c25136762f0','Arctic Monkeys','5d6755f263054a472971e0ed56c0bf92');
INSERT INTO artist(id,record_label_id,name,genre_id) VALUES ('6RZUqkomCmb8zCRqc9eznB','bd5f0701bd1f0cd70e47a01205c1d447','Placebo','298c38fc1cdfe3d252d664c6829dca52');
INSERT INTO artist(id,record_label_id,name,genre_id) VALUES ('4pejUc4iciQfgdX6OKulQn','d733f1e3325dc3084fab5254b407949d','Queens of the Stone Age','009cd6070aebb18a23b735604f55a597');
INSERT INTO artist(id,record_label_id,name,genre_id) VALUES ('2ziB7fzrXBoh1HUPS6sVFn','620331629ad819834a0dafcecba3d8eb','Audioslave','009cd6070aebb18a23b735604f55a597');
INSERT INTO artist(id,record_label_id,name,genre_id) VALUES ('64tNsm6TnZe2zpcMVMOoHL','bc65f426282a1a198804b1d7602b25d4','Alice In Chains','009cd6070aebb18a23b735604f55a597');
INSERT INTO artist(id,record_label_id,name,genre_id) VALUES ('1AeC9AuzqGc3IXMC2T5xny','0f60416615c2c26983ad46f712cd0cbf','Zakk Wylde','b8533c80210ef0299e39108e1562dcfb');
INSERT INTO artist(id,record_label_id,name,genre_id) VALUES ('3ohcHMuUq1717s8AH17hfT','15a57e1643b7387ee21fbd481816ac55','The White Buffalo','f8d627abb8b743940b57d49e9ea85bab');
INSERT INTO artist(id,record_label_id,name,genre_id) VALUES ('49qiE8dj4JuNdpYGRPdKbF','306a2be3feea7d56be5a61c5151cbbcd','Stone Sour','009cd6070aebb18a23b735604f55a597');
INSERT INTO artist(id,record_label_id,name,genre_id) VALUES ('0mXTJETA4XUa12MmmXxZJh','62a028f3b00ad8cc9964991407115f7e','Eddie Vedder','bd7402d4f5506d09b6c9259f49126499');
INSERT INTO artist(id,record_label_id,name,genre_id) VALUES ('1w5Kfo2jwwIPruYS2UWh56','7056819ffd97a6ccf60f50803e37f005','Pearl Jam','298c38fc1cdfe3d252d664c6829dca52');
INSERT INTO artist(id,record_label_id,name,genre_id) VALUES ('7rN3Agir6FaZNfhf5V7mfN','98adf98c82b1b86a3c4e0d0a1777a885','John Frusciante','bd7402d4f5506d09b6c9259f49126499');
INSERT INTO artist(id,record_label_id,name,genre_id) VALUES ('0ybFZ2Ab08V8hueghSXm6E','946c593eeb261b2235f0d887f451fffe','Opeth','009cd6070aebb18a23b735604f55a597');
INSERT INTO artist(id,record_label_id,name,genre_id) VALUES ('4X42BfuhWCAZ2swiVze9O0','429a52469b884d48206518b69d7323b1','Steven Wilson','c6019a0d7f776b6a7e95d7f231fcb842');
INSERT INTO artist(id,record_label_id,name,genre_id) VALUES ('5NXHXK6hOCotCF8lvGM1I0','8c763db3a51c2eefb4abaaf633f51b50','Porcupine Tree','009cd6070aebb18a23b735604f55a597');

CREATE TABLE song(
   id       VARCHAR(22) NOT NULL PRIMARY KEY
  ,album_id VARCHAR(22) NOT NULL
  ,name     VARCHAR(75) NOT NULL
  ,duration NUMERIC(7,2) NOT NULL
);
INSERT INTO song(id,album_id,name,duration) VALUES ('3Kj2EWpIBnvETsYq4cq0IH','06UoTVgpPiGnRPGjowrG3g','Big Black Car',2174.66);
INSERT INTO song(id,album_id,name,duration) VALUES ('6VfY0sgS4j4JpFQH8kk4XA','2Ww7LYiKIxQUhLyiXtlppZ','Wildfire',3298.93);
INSERT INTO song(id,album_id,name,duration) VALUES ('5iK8GmW2uiPuUc5CtkZrIK','2xF3ioefFdZrOg9zUBU5hb','Downtown',2490.62);
INSERT INTO song(id,album_id,name,duration) VALUES ('5CIO5cR1zjfivfTs5mxU51','2HtJQaxA1TLBjMM0utAiVk','Truth',2609.2);
INSERT INTO song(id,album_id,name,duration) VALUES ('2abL57Z15fQWEhCn7Cdj10','72RqV2NeNjlm5LyDea5E7f','Her Morning Elegance',2185.86);
INSERT INTO song(id,album_id,name,duration) VALUES ('2q83AkNGSNXEEnnprPuhdo','5zt6PQehL7JPUXqL0ESZ3M','Carried Away',2439.73);
INSERT INTO song(id,album_id,name,duration) VALUES ('0g89QcYabnaRUUPgFOLKZ9','0YcQyzstsSbcnLCk4h7AUh','Boys & Girls',2059.86);
INSERT INTO song(id,album_id,name,duration) VALUES ('6tqzOYuE3lrNVPDgtF3MjM','6E76aabodIl5DW5BTEZPHG','Youth',2530.13);
INSERT INTO song(id,album_id,name,duration) VALUES ('0jcHQTvfHCH1LETpdMdHJo','6FQd0E8BmZUktG4BA1bS39','Let Me In',2192.26);
INSERT INTO song(id,album_id,name,duration) VALUES ('5N1itNLaYtifU8YVbg9SBQ','4EcVVeYCeafIQk383MQfp5','She Treats Me Well',3179.33);
INSERT INTO song(id,album_id,name,duration) VALUES ('3qulCa9S3zTafZP6xjb0tw','76HfVHDeKtXZHIQynS8Zcc','New Day',2368.37);
INSERT INTO song(id,album_id,name,duration) VALUES ('2TjLRCgnOwgNtmZ38OJ6pj','4p9dVvZDaZliSjTCbFRhJy','Lakehouse',2751.86);
INSERT INTO song(id,album_id,name,duration) VALUES ('2IU8Zw3Isf1K3TFORGO4PS','4trTvSZSfcCSzeH8kJeCbD','Only Love',2767.06);
INSERT INTO song(id,album_id,name,duration) VALUES ('3iKmdCDZK4XmqxIA9fVVGs','0cRJKK0y1sfZEqWub4dK9v','Beautiful War',3099.2);
INSERT INTO song(id,album_id,name,duration) VALUES ('7MiZjKawmXTsTNePyTfPyL','1RVXVo1puacM8aQ6hgQahi','Devil Eyes',1312.71);
INSERT INTO song(id,album_id,name,duration) VALUES ('5NORWMFC27ywGSZxi8uquP','5y1YWb4OONEGbxZQLRNUwO','Ophelia',1600.97);
INSERT INTO song(id,album_id,name,duration) VALUES ('6ZlC0YDBzbU2KaJVrSSbew','5B7ar7OxiJy7gZtfSvWhPd','Seres Extraños',2842.02);
INSERT INTO song(id,album_id,name,duration) VALUES ('51rPRW8NjxZoWPPjnRGzHw','2wqG59dVVQlJaxoO7N0LJt','Tadow',3018.93);
INSERT INTO song(id,album_id,name,duration) VALUES ('0wY9rA9fJkuESyYm9uzVK5','5zdFKRmlSDwAMZ5NFVGbx9','D''Evils',1718.18);
INSERT INTO song(id,album_id,name,duration) VALUES ('26pC4BgyjdRIeieIcGqLcw','6giqFR5wYxn5GYwZtYzwPi','Enter One',3757.86);
INSERT INTO song(id,album_id,name,duration) VALUES ('20KUoNVCuOieKpw53sXNb1','10C5DL840nCnfEjrqhSCOz','In the Air Tonight',2605.73);
INSERT INTO song(id,album_id,name,duration) VALUES ('0CmIALzGn4vHIHJG4n3Q4z','2pBhXw3Hi1hBf8FpAtE101','At Last - Single Version',1824);
INSERT INTO song(id,album_id,name,duration) VALUES ('0HNhfGGE2n702ieqFxQV5M','2kyzu2gZ1SlkrzW6l4b7dD','Olivia',2336.93);
INSERT INTO song(id,album_id,name,duration) VALUES ('3SEp1uKQpATijJgLyQYvOR','6HIGCaguAPnwApqjRmYBUw','Laid Back',2102.93);
INSERT INTO song(id,album_id,name,duration) VALUES ('5pcz1svKmJmsFHRwTAMFzf','7amhD2hPLf3ROk9LimNg72','Here On Out',1985.99);
INSERT INTO song(id,album_id,name,duration) VALUES ('4DuC9BznEnlwTwHQhWLzNt','7rirvuT5xtAmfw9HAGLpeB','David',2190.26);
INSERT INTO song(id,album_id,name,duration) VALUES ('4Sk6QA0RoRqZ3Hg9TlAX4X','4GLxEXWI3JiRKp6H7bfTIK','Long As I Can See The Light',2108.66);
INSERT INTO song(id,album_id,name,duration) VALUES ('5kTexLiNpl51EcFRhlJvCR','0YcQyzstsSbcnLCk4h7AUh','On Your Way',1851.46);
INSERT INTO song(id,album_id,name,duration) VALUES ('1IkjoLXB9LEf3w32Wk07X3','73FpjS6PTT3e4lRfWdsDuy','Melatonin (Unplugged)',3252.8);
INSERT INTO song(id,album_id,name,duration) VALUES ('3bOF87CrSbm77MZuqmvCHK','2TeYAAh3Pksb9cOQhG7dOX','Black Bird',1452.26);
INSERT INTO song(id,album_id,name,duration) VALUES ('1TPOfLc3kTmlQLSK7jMelu','7dnYwtDQNa3xzaCoekrjL1','Rescue',2156.13);
INSERT INTO song(id,album_id,name,duration) VALUES ('29MwtMspIroR2wFYEJ7ps0','4Jud0iQM1DiF0kfOL0ASfC','Catch & Release',2404.66);
INSERT INTO song(id,album_id,name,duration) VALUES ('4UZdPR7auDwEnpPc5vHU7n','5B7ar7OxiJy7gZtfSvWhPd','Rie Chinito',3090.44);
INSERT INTO song(id,album_id,name,duration) VALUES ('24ylIO48nRsdaONlM8l2HF','2tMQ2DeB9RydEFl1gcRkHb','Time Is the Enemy',2198.8);
INSERT INTO song(id,album_id,name,duration) VALUES ('08usYkCKcKehKFXBLSlOGP','1RHa1VdX6lsLbeedgsV1cb','Bothersome',2366.26);
INSERT INTO song(id,album_id,name,duration) VALUES ('5GeIdhQ2HZ86I9HsQwvRAP','03EMOcMFTB5rep0KfqI9XX','Kingdom Leader',2148.31);
INSERT INTO song(id,album_id,name,duration) VALUES ('2wqdczrTNgnkhIhpkZSJnJ','4UZ0792AClQ9vo3d74x9fY','Hold Me Down',3587.93);
INSERT INTO song(id,album_id,name,duration) VALUES ('1Qj4H2YJp83dd4ATpXN4UV','3bSCXJUq7CeXun9ulHBDnh','Someday - triple j Like A Version',2649.08);
INSERT INTO song(id,album_id,name,duration) VALUES ('0vTJP35J4M1PY9iAA8UmbV','4uqJIUuSpvidPfFLDkAmHP','Sao Paulo Sunset',2074.01);
INSERT INTO song(id,album_id,name,duration) VALUES ('3aauaXWRgwCMoykMbI0Jq1','4ThJUigPBlok72LoKGk2g1','I Feel Like I''m Drowning',1855.2);
INSERT INTO song(id,album_id,name,duration) VALUES ('7bDuv85kWYxfS9P6QGoOnY','19H5a1RLkhmM0cfAuwkCku','Find a Way',1876.48);
INSERT INTO song(id,album_id,name,duration) VALUES ('2FgHdgtXGtFucD0AxF6MD8','3nWTffckeFVKV26BNZgKCl','It''s Been a Long, Long Time',2046.4);
INSERT INTO song(id,album_id,name,duration) VALUES ('3sjew5VKI4UlxZF7r8lpMd','5xQrvHK0YbNaFslrvJYMNR','Stay High',1913.95);
INSERT INTO song(id,album_id,name,duration) VALUES ('6ioeN8jQ8Qc3tS8dhpoAVi','1K3XPBfAfPO7jJhqTq4xME','Way With Words',2609.59);
INSERT INTO song(id,album_id,name,duration) VALUES ('2u3HmBPHrk3ooSdVikignW','7suTZDEkiDpzkouw300noM','Sweet Thang',2521.73);
INSERT INTO song(id,album_id,name,duration) VALUES ('18gcopzbu2DjQjR2DI5pE8','30WjNaR79shSTGB52IJTw0','Plastic',1885.57);
INSERT INTO song(id,album_id,name,duration) VALUES ('26Vcf2qFrnaa0pFJkGFh61','2fRc3TJSXKXGFdnmcm17p2','Sanctify',3556.26);
INSERT INTO song(id,album_id,name,duration) VALUES ('1IbgYIuVwJsibCcT5GFYHy','5j1ZsFyNCsnt62prbs85eE','Wasteland, Baby!',2664.66);
INSERT INTO song(id,album_id,name,duration) VALUES ('3ieUtb4ecQgEYxae8dzEUi','5j1ZsFyNCsnt62prbs85eE','Shrike',2988.8);
INSERT INTO song(id,album_id,name,duration) VALUES ('3kQDykkw9HVowlm3HxTcuR','5vCqxfNSqatehjPustNq4s','Golden',2792.4);
INSERT INTO song(id,album_id,name,duration) VALUES ('2flDia8RwKyi1S1I1kTY7w','6u9KVK2R84AIC5tR75SLAo','Calmô',2545.58);
INSERT INTO song(id,album_id,name,duration) VALUES ('4Mj6K0nOrLJjUckP2tJFU9','1bHFgyItmSogZKb5fWOefI','Imagining My Man',3513.09);
INSERT INTO song(id,album_id,name,duration) VALUES ('0BeAL5sGX7mxLNDWUJ36Ci','2oASnIn2Mt8QE4tDmSyWpy','I Am The Changer',3948.4);
INSERT INTO song(id,album_id,name,duration) VALUES ('4rv4oOlbOq5Uig8E3xp3kb','3JBXmThXIlIf8DmUVaAUXQ','Inside Out',3019.6);
INSERT INTO song(id,album_id,name,duration) VALUES ('0xGSeBsG4V8Scc5YqpZQ66','5rFRfDq52l2l5RtS5kxA9A','Maybe',2191.33);
INSERT INTO song(id,album_id,name,duration) VALUES ('1VbiENVGHwF5Y70Ywotwe1','36hmo7ODAmoUoLAy2mFa1P','Don''t Look Back (feat. Kotomi & Ryan Elder) [From Rick and Morty: Season 4]',2070);
INSERT INTO song(id,album_id,name,duration) VALUES ('0Qp1eaUp7ophvR2lo7fQuN','0jcOOqw8oVjs2ngnrndbsO','Lover Of The Light',3147.86);
INSERT INTO song(id,album_id,name,duration) VALUES ('6Z31EC25RDuY3EdasdaYfg','5rQYsVAsGACrpwLWIOGqyz','Devagarinho',1928.8);
INSERT INTO song(id,album_id,name,duration) VALUES ('0a0xmwa0ik3iBKf6SsIe14','77vBVSbov2E7xVdvsiZqYf','Elbow Pain',3335.19);
INSERT INTO song(id,album_id,name,duration) VALUES ('3KzgdYUlqV6TOG7JCmx2Wg','5MsJK0kqiYIJDmd3cjkGMn','Beyond the Sea',1724.8);
INSERT INTO song(id,album_id,name,duration) VALUES ('7n3u7RrzdXGVcclBEp9aSa','6EEv3516e4dH7sAPPUq9oo','Patience',2531.2);
INSERT INTO song(id,album_id,name,duration) VALUES ('6H3kDe7CGoWYBabAeVWGiD','4l4u9e9jSbotSXNjYfOugy','Gimme Shelter',2707.73);
INSERT INTO song(id,album_id,name,duration) VALUES ('1wLQwg0mloy3yXjL0jPE0N','6KMkuqIwKkwUhUYRPL6dUc','Run',3233.73);
INSERT INTO song(id,album_id,name,duration) VALUES ('3tRPfCFAEv6wWyQO0YnGGV','5tdh65b5lhs01LcPIVk4Av','Boku no Sensou - TV Size',909.6);
INSERT INTO song(id,album_id,name,duration) VALUES ('5QwAdWCnauw0GpDzM3glrO','39y5a0EiZCEvBb4y00QnJh','Shogeki',1815.94);
INSERT INTO song(id,album_id,name,duration) VALUES ('0b7b3OR4cKHo08rdpLHofM','0SSPCq36H4A4F9jXHM97aI','Guren No Yumiya',3169.33);
INSERT INTO song(id,album_id,name,duration) VALUES ('7nV7Ly23BxipT6msqg1Dqg','0SSPCq36H4A4F9jXHM97aI','Jiyuu No Tsubasa',3284);
INSERT INTO song(id,album_id,name,duration) VALUES ('5uraJqtCBvLpwt3VeomZdq','24pr7CLiiJk8rUsXcocSA4','Shinzo wo Sasageyo!',3414.13);
INSERT INTO song(id,album_id,name,duration) VALUES ('0zvN9oq95bIEQjvfcdeZlX','6I13Z2eInmybf3WZl4wduL','Red Swan',2637.2);
INSERT INTO song(id,album_id,name,duration) VALUES ('7lcTpZtdTyfiIgVIpmTVut','36zFIAYiDzwr8ML2F6lEjH','Shoukei to Shikabane no Michi',2761.76);
INSERT INTO song(id,album_id,name,duration) VALUES ('3hdbzikxtK3sY5MT5wAAan','10U7D2rtjPWDEX4XseGcwh','Utsukushiki Zankokuna Sekai (From "Attack on Titan")',2937.06);
INSERT INTO song(id,album_id,name,duration) VALUES ('0AoihXguzdLjY6RqvImB3I','1z3FXtHUE8GdzvAQ49sBKD','Great Escape',2074.66);
INSERT INTO song(id,album_id,name,duration) VALUES ('0ALVjqa35c93VuOb5bOlAV','74KOBAlAysBEwfCvcBzCOe','Yuugure no Tori - TV Size',928.79);
INSERT INTO song(id,album_id,name,duration) VALUES ('2vH8JFJKfkAgZs1GFlOzGh','6BDIotmFsibbcl4s5uaV4D','Akatsuki no Requiem',2405.73);
INSERT INTO song(id,album_id,name,duration) VALUES ('2Aap3ECF5hQoPFxMDsff9j','7avJidU4eLD0fFH9MZOS98','Name of Love',2666.8);
INSERT INTO song(id,album_id,name,duration) VALUES ('2VEy5bm1MhsqBaPhXqBKTx','0OOZtE9lp7tzcNErsadI5l','Plástico',2211.33);
INSERT INTO song(id,album_id,name,duration) VALUES ('2DlHlPMa4M17kufBvI2lEN','6jWde94ln40epKIQCd8XUh','Chop Suey!',2102.4);
INSERT INTO song(id,album_id,name,duration) VALUES ('3AmUxZTznxdSDhgdPVAg0M','2rgHsyKS8yFiHDYlR8yR7h','All the Things',2842.1);
INSERT INTO song(id,album_id,name,duration) VALUES ('5SDVX9gpSXoE0M6KZt4EBF','2Sm4aLWKSZiqjbKGvGvKoq','Play N Go',2317.78);
INSERT INTO song(id,album_id,name,duration) VALUES ('6NJQpFNkDCMaRBogIi9sOI','6n6VzpTcnHFpGVwJhLNkoH','Bellbottoms',3179.86);
INSERT INTO song(id,album_id,name,duration) VALUES ('3N7tGcETOUO0uJLXVbmhmP','2Sm4aLWKSZiqjbKGvGvKoq','Watch Dogs Theme',2355.91);
INSERT INTO song(id,album_id,name,duration) VALUES ('6gJnxMZphJt3sk2JJXTkoJ','5QCX3rK4zjRiUknme1gQ9x','Boom Boom',1605.6);
INSERT INTO song(id,album_id,name,duration) VALUES ('60AYmhLHMGin6tn3hzsDUM','5EzFT9fzdi8YATrWDI4ONz','Schrödinger''s Cat',1879.97);
INSERT INTO song(id,album_id,name,duration) VALUES ('3WY2cjpiPZv6AiBjqpAEwX','2tnlXEz74KMO2Te3obCn2t','Vou Mutar a Yulla',1635.28);
INSERT INTO song(id,album_id,name,duration) VALUES ('15h7i1kTT14qPcmGs95R2J','0EX6Nz5pqmBHd8x6OD0ycj','If You Feel My Love - Chaow Mix',1977.73);
INSERT INTO song(id,album_id,name,duration) VALUES ('5FVd6KXrgO9B3JPmC8OPst','78bpIziExqiI9qztvNFlQu','Do I Wanna Know?',2723.94);
INSERT INTO song(id,album_id,name,duration) VALUES ('3tRv4ZYZimrL27flnjgeR6','2cDDG5rnwEgjNL8Q0cO9Zd','Every You Every Me',2138);
INSERT INTO song(id,album_id,name,duration) VALUES ('0wzRcekWyVCSyPtlPOeJau','4w3NeXtywU398NYW4903rY','Go With The Flow',1871.46);
INSERT INTO song(id,album_id,name,duration) VALUES ('3zwmW1gM4E8FlHXV5nE16u','0HQhToIjonHnJRRPN4jeJU','Be Yourself',2789.73);
INSERT INTO song(id,album_id,name,duration) VALUES ('4PtZE0h5oyPhCtPjg3NeYQ','4FCoFSNIFhK36holxHWCnc','No Excuses',2555.73);
INSERT INTO song(id,album_id,name,duration) VALUES ('73dS5HqAOqiq6GJ6XnYLQo','3OB3h8ZaJzfmU7E0IkzcqR','Sleeping Dogs (feat. Corey Taylor)',2764);
INSERT INTO song(id,album_id,name,duration) VALUES ('18lZDzgg3HetL1FmmcED1j','1ExnZX51dGn8qRXM43r6z0','Oh Darlin'' What Have I Done',2428.53);
INSERT INTO song(id,album_id,name,duration) VALUES ('5NeIONQWJ25uPylJBJiO4c','0dZB8UHYsM7jKmm7ByzAVq','Through Glass',2829.46);
INSERT INTO song(id,album_id,name,duration) VALUES ('4LGF2tDg3878bs0mQPByZ4','13xlpKbai3GGoMSr75lOeX','Guaranteed',1645);
INSERT INTO song(id,album_id,name,duration) VALUES ('22sDLvlzAJzH0BHiMSOfRP','01WEcEzoa9mfh8fIDhvV1M','Future Days',2628.93);
INSERT INTO song(id,album_id,name,duration) VALUES ('2NVmpcUm2FUUQ04FlWIj2q','5ZLnZ8o2xA2cmSPYtqExl1','Before The Beginning',5485.33);
INSERT INTO song(id,album_id,name,duration) VALUES ('1xRUR651GIJoKbu0dqm0uW','1BLVdtavgYFMQvzvX3oHpe','Seasons',3456.26);
INSERT INTO song(id,album_id,name,duration) VALUES ('4uJSCrI7r0usNJ3aaHAuC6','4FmI0F5GvvR1M9RURWnJV9','Windowpane',4642.8);
INSERT INTO song(id,album_id,name,duration) VALUES ('7CcaktZZsdb8AWPdhDM38f','1ahl6UmqCDuNy6rJVfRKeC','Pariah',2862.25);
INSERT INTO song(id,album_id,name,duration) VALUES ('5lBQ3mnWsYIt5aCdgz1U9n','4agUY2b2OmBcXEqykG13yA','Trains',3586);

CREATE TABLE album(
   id        VARCHAR(22) NOT NULL PRIMARY KEY
  ,artist_id VARCHAR(22) NOT NULL
  ,name      VARCHAR(75) NOT NULL
  ,year      INTEGER  NOT NULL
);
INSERT INTO album(id,artist_id,name,year) VALUES ('06UoTVgpPiGnRPGjowrG3g','5sXaGoRLSpd7VeyZrLkKwt','This Empty Northern Hemisphere',2009);
INSERT INTO album(id,artist_id,name,year) VALUES ('2Ww7LYiKIxQUhLyiXtlppZ','675tsBPpaZtqyiBwEf3ZEP','Blindfaller',2016);
INSERT INTO album(id,artist_id,name,year) VALUES ('2xF3ioefFdZrOg9zUBU5hb','4BEYBN6NCPrFk3sOLMTby3','Are You Alone?',2015);
INSERT INTO album(id,artist_id,name,year) VALUES ('2HtJQaxA1TLBjMM0utAiVk','1me05HW5s7TShHra5nN7uE','Alexander',2011);
INSERT INTO album(id,artist_id,name,year) VALUES ('72RqV2NeNjlm5LyDea5E7f','6v2Tk7PHt26abpm7NBR34b','1968 Un monde en révoltes',2010);
INSERT INTO album(id,artist_id,name,year) VALUES ('5zt6PQehL7JPUXqL0ESZ3M','2kWhbqyjKw16929nBXzSWR','All Birds Say',2010);
INSERT INTO album(id,artist_id,name,year) VALUES ('0YcQyzstsSbcnLCk4h7AUh','16GcWuvvybAoaHr0NqT8Eh','Boys & Girls',2012);
INSERT INTO album(id,artist_id,name,year) VALUES ('6E76aabodIl5DW5BTEZPHG','46CitWgnWrvF9t70C2p1Me','If You Leave',2013);
INSERT INTO album(id,artist_id,name,year) VALUES ('6FQd0E8BmZUktG4BA1bS39','0UQCSEnTVyI8gtCVEeJMKN','Laminate Pet Animal',2011);
INSERT INTO album(id,artist_id,name,year) VALUES ('4EcVVeYCeafIQk383MQfp5','5schNIzWdI9gJ1QRK8SBnc','I Forget Where We Were',2014);
INSERT INTO album(id,artist_id,name,year) VALUES ('76HfVHDeKtXZHIQynS8Zcc','02U4dXZhGSo07f66l8JZ91','Falling',2016);
INSERT INTO album(id,artist_id,name,year) VALUES ('4p9dVvZDaZliSjTCbFRhJy','4dwdTW1Lfiq0cM8nBAqIIz','My Head Is An Animal',2012);
INSERT INTO album(id,artist_id,name,year) VALUES ('4trTvSZSfcCSzeH8kJeCbD','3gd8FJtBJtkRxdfbTu19U2','Wilder Mind',2015);
INSERT INTO album(id,artist_id,name,year) VALUES ('0cRJKK0y1sfZEqWub4dK9v','2qk9voo8llSGYcZ6xrBzKx','Mechanical Bull (Expanded Edition)',2013);
INSERT INTO album(id,artist_id,name,year) VALUES ('1RVXVo1puacM8aQ6hgQahi','4dM6NDYSfLcspt8GLoT5aE','Providence',2016);
INSERT INTO album(id,artist_id,name,year) VALUES ('5y1YWb4OONEGbxZQLRNUwO','16oZKvXb6WkQlVAjwo2Wbg','Cleopatra',2016);
INSERT INTO album(id,artist_id,name,year) VALUES ('5B7ar7OxiJy7gZtfSvWhPd','5cMTiWeaWidGI8hVoZY8Ox','Perotá Chingó',2014);
INSERT INTO album(id,artist_id,name,year) VALUES ('2wqG59dVVQlJaxoO7N0LJt','3ycxRkcZ67ALN3GQJ57Vig','Lady Lady',2018);
INSERT INTO album(id,artist_id,name,year) VALUES ('5zdFKRmlSDwAMZ5NFVGbx9','3QTDHixorJelOLxoxcjqGx','November',2018);
INSERT INTO album(id,artist_id,name,year) VALUES ('6giqFR5wYxn5GYwZtYzwPi','0qj5XOYNq5KuJbvcWCa9vZ','Son of a Gun (Original Motion Picture Soundtrack)',2014);
INSERT INTO album(id,artist_id,name,year) VALUES ('10C5DL840nCnfEjrqhSCOz','02U4dXZhGSo07f66l8JZ91','In the Air Tonight',2018);
INSERT INTO album(id,artist_id,name,year) VALUES ('2pBhXw3Hi1hBf8FpAtE101','0iOVhN3tnSvgDbcg25JoJb','At Last!',1960);
INSERT INTO album(id,artist_id,name,year) VALUES ('2kyzu2gZ1SlkrzW6l4b7dD','251UrhgNbMr15NLzQ2KyKq','Feathers & Fishhooks',2012);
INSERT INTO album(id,artist_id,name,year) VALUES ('6HIGCaguAPnwApqjRmYBUw','4U33udokhmKATsu8UoqUEN','The Sheepdogs (Deluxe)',2012);
INSERT INTO album(id,artist_id,name,year) VALUES ('7amhD2hPLf3ROk9LimNg72','2TI7qyDE0QfyOlnbtfDo7L','Come Tomorrow',2018);
INSERT INTO album(id,artist_id,name,year) VALUES ('7rirvuT5xtAmfw9HAGLpeB','34482S5nfxR441wcnVfrHi','Family',2011);
INSERT INTO album(id,artist_id,name,year) VALUES ('4GLxEXWI3JiRKp6H7bfTIK','3IYUhFvPQItj6xySrBmZkd','Cosmo''s Factory',1970);
INSERT INTO album(id,artist_id,name,year) VALUES ('73FpjS6PTT3e4lRfWdsDuy','0HDxlFsXwyrpufs4YgTNMm','Melatonin (Unplugged)',2017);
INSERT INTO album(id,artist_id,name,year) VALUES ('2TeYAAh3Pksb9cOQhG7dOX','0cQuYRSzlItquYxsQKDvVc','Let''s Go',2014);
INSERT INTO album(id,artist_id,name,year) VALUES ('7dnYwtDQNa3xzaCoekrjL1','40LHVA5BTQp9RxHOQ9JPYj','Look Up Child',2018);
INSERT INTO album(id,artist_id,name,year) VALUES ('4Jud0iQM1DiF0kfOL0ASfC','1g0fXhQMHAxlRyIBkCbuE7','Catch & Release',2015);
INSERT INTO album(id,artist_id,name,year) VALUES ('2tMQ2DeB9RydEFl1gcRkHb','5ZMwoAjeDtLJ0XRwRTgaK8','The 5th Exotic',2001);
INSERT INTO album(id,artist_id,name,year) VALUES ('1RHa1VdX6lsLbeedgsV1cb','1vVHevk2PD45epYnDi9CCc','Pop Food',2017);
INSERT INTO album(id,artist_id,name,year) VALUES ('03EMOcMFTB5rep0KfqI9XX','1SFz3S9eSUTc49ysstadiO','Kingdom Leader – Single',2015);
INSERT INTO album(id,artist_id,name,year) VALUES ('4UZ0792AClQ9vo3d74x9fY','4qOzMSukiZoiSjPQw8Zs7s','TheSoundYouNeed, Vol. 1',2014);
INSERT INTO album(id,artist_id,name,year) VALUES ('3bSCXJUq7CeXun9ulHBDnh','12fRkVfO2fUsz1QHgDAG3g','Someday (triple j Like A Version)',2019);
INSERT INTO album(id,artist_id,name,year) VALUES ('4uqJIUuSpvidPfFLDkAmHP','6N4HlHINMvoTyAL0yhBUCk','Summer Days',2019);
INSERT INTO album(id,artist_id,name,year) VALUES ('4ThJUigPBlok72LoKGk2g1','5sWHDYs0csV6RS48xBl0tH','A 20 Something Fuck',2018);
INSERT INTO album(id,artist_id,name,year) VALUES ('19H5a1RLkhmM0cfAuwkCku','0YZYZQRglf6GA3b6ffiAd2','Find a Way',2020);
INSERT INTO album(id,artist_id,name,year) VALUES ('3nWTffckeFVKV26BNZgKCl','5MpELOfAiq7aIBTij30phD','Captain America: The Winter Soldier (Original Motion Picture Soundtrack)',2014);
INSERT INTO album(id,artist_id,name,year) VALUES ('5xQrvHK0YbNaFslrvJYMNR','4XquDVA8pkg5Lx91No1JxB','Jaime',2019);
INSERT INTO album(id,artist_id,name,year) VALUES ('1K3XPBfAfPO7jJhqTq4xME','4C50EbCS11M0VbGyH3OfLt','Earthtones',2018);
INSERT INTO album(id,artist_id,name,year) VALUES ('7suTZDEkiDpzkouw300noM','4YHtIE7FI8ITfekzzN5Jpl','Freedom Flight',1971);
INSERT INTO album(id,artist_id,name,year) VALUES ('30WjNaR79shSTGB52IJTw0','5W10uJRsbt9bROJDKoI1Wn','Aromanticism',2017);
INSERT INTO album(id,artist_id,name,year) VALUES ('2fRc3TJSXKXGFdnmcm17p2','4fXkvh05wFhuH77MfD4m9o','Sea of Noise',2016);
INSERT INTO album(id,artist_id,name,year) VALUES ('5j1ZsFyNCsnt62prbs85eE','2FXC3k01G6Gw61bmprjgqS','Wasteland, Baby!',2019);
INSERT INTO album(id,artist_id,name,year) VALUES ('5vCqxfNSqatehjPustNq4s','43O3c6wewpzPKwVaGEEtBM','It Still Moves',2003);
INSERT INTO album(id,artist_id,name,year) VALUES ('6u9KVK2R84AIC5tR75SLAo','5ZtyHkAGvYFPSYcWPfmL5n','Goela Abaixo',2019);
INSERT INTO album(id,artist_id,name,year) VALUES ('1bHFgyItmSogZKb5fWOefI','3lmR0qMiGuoIF9UC54egcG','Party',2017);
INSERT INTO album(id,artist_id,name,year) VALUES ('2oASnIn2Mt8QE4tDmSyWpy','6RHDASo3OVNiNY2nrGx3qc','Paranoid Cocoon',2009);
INSERT INTO album(id,artist_id,name,year) VALUES ('3JBXmThXIlIf8DmUVaAUXQ','0K1q0nXQ8is36PzOKAMbNe','They Want My Soul',2014);
INSERT INTO album(id,artist_id,name,year) VALUES ('5rFRfDq52l2l5RtS5kxA9A','4NgfOZCL9Ml67xzM0xzIvC','I Got Dem Ol'' Kozmic Blues Again Mama!',1969);
INSERT INTO album(id,artist_id,name,year) VALUES ('36hmo7ODAmoUoLAy2mFa1P','2M0kKcVuBsLFH5d12pW215','Don''t Look Back (feat. Kotomi & Ryan Elder) [From Rick and Morty: Season 4]',2020);
INSERT INTO album(id,artist_id,name,year) VALUES ('0jcOOqw8oVjs2ngnrndbsO','3gd8FJtBJtkRxdfbTu19U2','Babel (Deluxe Version)',2012);
INSERT INTO album(id,artist_id,name,year) VALUES ('5rQYsVAsGACrpwLWIOGqyz','6q7nMIVgGohQ14mSsq3F8t','Devagarinho',2020);
INSERT INTO album(id,artist_id,name,year) VALUES ('77vBVSbov2E7xVdvsiZqYf','6b13SQkJSBYJxUoG8TaDcY','Glue Trip',2015);
INSERT INTO album(id,artist_id,name,year) VALUES ('5MsJK0kqiYIJDmd3cjkGMn','0EodhzA6yW1bIdD5B4tcmJ','That''s All',1959);
INSERT INTO album(id,artist_id,name,year) VALUES ('6EEv3516e4dH7sAPPUq9oo','0XHiH53dHrvbwfjYM7en7I','Patience',2020);
INSERT INTO album(id,artist_id,name,year) VALUES ('4l4u9e9jSbotSXNjYfOugy','22bE4uQ6baNwSHPVcDxLCe','Let It Bleed',1969);
INSERT INTO album(id,artist_id,name,year) VALUES ('6KMkuqIwKkwUhUYRPL6dUc','7jy3rLJdDQY21OgRLCZ9sD','Concrete and Gold',2017);
INSERT INTO album(id,artist_id,name,year) VALUES ('5tdh65b5lhs01LcPIVk4Av','1ZnuqrjIR4q8zhgriUYsSo','Boku no Sensou (TV Size)',2020);
INSERT INTO album(id,artist_id,name,year) VALUES ('39y5a0EiZCEvBb4y00QnJh','12dhEcVUnJVnIQLt91VdA3','Shogeki',2020);
INSERT INTO album(id,artist_id,name,year) VALUES ('0SSPCq36H4A4F9jXHM97aI','3eNYrVLcWfjJ9JdH9kiPJO','Jiyuu E No Shingeki',2013);
INSERT INTO album(id,artist_id,name,year) VALUES ('24pr7CLiiJk8rUsXcocSA4','3eNYrVLcWfjJ9JdH9kiPJO','Shingeki no Kiseki',2017);
INSERT INTO album(id,artist_id,name,year) VALUES ('6I13Z2eInmybf3WZl4wduL','2EWIKpC6npt0GTe1Cq1KDm','Red Swan',2018);
INSERT INTO album(id,artist_id,name,year) VALUES ('36zFIAYiDzwr8ML2F6lEjH','3eNYrVLcWfjJ9JdH9kiPJO','Shinjitsu eno Shingeki',2019);
INSERT INTO album(id,artist_id,name,year) VALUES ('10U7D2rtjPWDEX4XseGcwh','432YeAgYRrioSdsY06F2CT','Couleur',2017);
INSERT INTO album(id,artist_id,name,year) VALUES ('1z3FXtHUE8GdzvAQ49sBKD','5upXI71QNPjLwir1YZgKEx','Great Escape',2017);
INSERT INTO album(id,artist_id,name,year) VALUES ('74KOBAlAysBEwfCvcBzCOe','1ZnuqrjIR4q8zhgriUYsSo','Yuugure no Tori (TV Size)',2017);
INSERT INTO album(id,artist_id,name,year) VALUES ('6BDIotmFsibbcl4s5uaV4D','3eNYrVLcWfjJ9JdH9kiPJO','Rakuen Eno Shingeki',2018);
INSERT INTO album(id,artist_id,name,year) VALUES ('7avJidU4eLD0fFH9MZOS98','5upXI71QNPjLwir1YZgKEx','Name of Love',2019);
INSERT INTO album(id,artist_id,name,year) VALUES ('0OOZtE9lp7tzcNErsadI5l','0ZeTpaHiNCZFAuQ7v1fZ7Z','Ultrassom',2018);
INSERT INTO album(id,artist_id,name,year) VALUES ('6jWde94ln40epKIQCd8XUh','5eAWCfyUhZtHHtBdNk56l1','Toxicity',2001);
INSERT INTO album(id,artist_id,name,year) VALUES ('2rgHsyKS8yFiHDYlR8yR7h','7tiEDqYPwBHFd5LBWRFK4U','All the Things',2012);
INSERT INTO album(id,artist_id,name,year) VALUES ('2Sm4aLWKSZiqjbKGvGvKoq','6olWbKW2VLhFCHfOi0iEDb','Watch Dogs 2 Original Game Soundtrack',2016);
INSERT INTO album(id,artist_id,name,year) VALUES ('6n6VzpTcnHFpGVwJhLNkoH','2NOhotupwYbKRNJF7LMDPG','Orange',1994);
INSERT INTO album(id,artist_id,name,year) VALUES ('5QCX3rK4zjRiUknme1gQ9x','1yNOfXGQNGjAynk77wv85x','Urban Blues (Expanded Edition)',1967);
INSERT INTO album(id,artist_id,name,year) VALUES ('5EzFT9fzdi8YATrWDI4ONz','05Am7rOfCvNggzIEeAhbiV','The FuMP, Vol. 66: November - December 2017',2018);
INSERT INTO album(id,artist_id,name,year) VALUES ('2tnlXEz74KMO2Te3obCn2t','2WK4tQsU5vbEDtXKKVWUWw','É o Webs P@Rr$!',2020);
INSERT INTO album(id,artist_id,name,year) VALUES ('0EX6Nz5pqmBHd8x6OD0ycj','0NXSovfvz7XrUzu18BpJBs','If You Feel My Love',2008);
INSERT INTO album(id,artist_id,name,year) VALUES ('78bpIziExqiI9qztvNFlQu','7Ln80lUS6He07XvHI8qqHH','AM',2013);
INSERT INTO album(id,artist_id,name,year) VALUES ('2cDDG5rnwEgjNL8Q0cO9Zd','6RZUqkomCmb8zCRqc9eznB','Without You I''m Nothing',1998);
INSERT INTO album(id,artist_id,name,year) VALUES ('4w3NeXtywU398NYW4903rY','4pejUc4iciQfgdX6OKulQn','Songs For The Deaf',2002);
INSERT INTO album(id,artist_id,name,year) VALUES ('0HQhToIjonHnJRRPN4jeJU','2ziB7fzrXBoh1HUPS6sVFn','Out of Exile',2005);
INSERT INTO album(id,artist_id,name,year) VALUES ('4FCoFSNIFhK36holxHWCnc','64tNsm6TnZe2zpcMVMOoHL','Jar Of Flies',1994);
INSERT INTO album(id,artist_id,name,year) VALUES ('3OB3h8ZaJzfmU7E0IkzcqR','1AeC9AuzqGc3IXMC2T5xny','Book of Shadows II (Bonus Track Edition)',2016);
INSERT INTO album(id,artist_id,name,year) VALUES ('1ExnZX51dGn8qRXM43r6z0','3ohcHMuUq1717s8AH17hfT','Prepare for Black and Blue - EP',2010);
INSERT INTO album(id,artist_id,name,year) VALUES ('0dZB8UHYsM7jKmm7ByzAVq','49qiE8dj4JuNdpYGRPdKbF','Come What(ever) May [10th Anniversary Edition]',2006);
INSERT INTO album(id,artist_id,name,year) VALUES ('13xlpKbai3GGoMSr75lOeX','0mXTJETA4XUa12MmmXxZJh','Into The Wild (Music For The Motion Picture)',2007);
INSERT INTO album(id,artist_id,name,year) VALUES ('01WEcEzoa9mfh8fIDhvV1M','1w5Kfo2jwwIPruYS2UWh56','Lightning Bolt',2013);
INSERT INTO album(id,artist_id,name,year) VALUES ('5ZLnZ8o2xA2cmSPYtqExl1','7rN3Agir6FaZNfhf5V7mfN','The Empyrean',2009);
INSERT INTO album(id,artist_id,name,year) VALUES ('1BLVdtavgYFMQvzvX3oHpe','0XHiH53dHrvbwfjYM7en7I','Chris Cornell (Deluxe Edition)',2018);
INSERT INTO album(id,artist_id,name,year) VALUES ('4FmI0F5GvvR1M9RURWnJV9','0ybFZ2Ab08V8hueghSXm6E','Damnation',2003);
INSERT INTO album(id,artist_id,name,year) VALUES ('1ahl6UmqCDuNy6rJVfRKeC','4X42BfuhWCAZ2swiVze9O0','To The Bone',2017);
INSERT INTO album(id,artist_id,name,year) VALUES ('4agUY2b2OmBcXEqykG13yA','5NXHXK6hOCotCF8lvGM1I0','In Absentia',2002);
